bookname,rating_nums,imgurl,info,author,translater,publisher,price,_openid,total
红楼梦,9.6,https://img1.doubanio.com/view/subject/s/public/s1070959.jpg,[清] 曹雪芹 著 / 人民文学出版社 / 1996-12 / 59.70元,[清] 曹雪芹 著 ,none, 人民文学出版社 , 59.70元,oAfPr0DGqh9DzQepM6uogzk4TaV4,20
活着,9.4,https://img3.doubanio.com/view/subject/s/public/s29053580.jpg,余华 / 作家出版社 / 2012-8-1 / 20.00元,余华 ,none, 作家出版社 , 20.00元,oAfPr0DGqh9DzQepM6uogzk4TaV4,20
1984,9.3,https://img1.doubanio.com/view/subject/s/public/s4371408.jpg,[英] 乔治·奥威尔 / 刘绍铭 / 北京十月文艺出版社 / 2010-4-1 / 28.00,[英] 乔治·奥威尔 , 刘绍铭 , 北京十月文艺出版社 ,28,oAfPr0DGqh9DzQepM6uogzk4TaV4,20
百年孤独,9.2,https://img9.doubanio.com/view/subject/s/public/s6384944.jpg,[哥伦比亚] 加西亚·马尔克斯 / 范晔 / 南海出版公司 / 2011-6 / 39.50元,[哥伦比亚] 加西亚·马尔克斯 , 范晔 , 南海出版公司 , 39.50元,oAfPr0DGqh9DzQepM6uogzk4TaV4,20
飘,9.3,https://img1.doubanio.com/view/subject/s/public/s1078958.jpg,[美国] 玛格丽特·米切尔 / 李美华 / 译林出版社 / 2000-9 / 40.00元,[美国] 玛格丽特·米切尔 , 李美华 , 译林出版社 , 40.00元,oAfPr0DGqh9DzQepM6uogzk4TaV4,20
三体全集,9.4,https://img9.doubanio.com/view/subject/s/public/s28357056.jpg,刘慈欣 / 重庆出版社 / 2012-1-1 / 168.00元,刘慈欣 ,none, 重庆出版社 , 168.00元,oAfPr0DGqh9DzQepM6uogzk4TaV4,20
三国演义（全二册）,9.3,https://img3.doubanio.com/view/subject/s/public/s1076932.jpg,[明] 罗贯中 / 人民文学出版社 / 1998-05 / 39.50元,[明] 罗贯中 ,none, 人民文学出版社 , 39.50元,oAfPr0DGqh9DzQepM6uogzk4TaV4,20
白夜行,9.1,https://img1.doubanio.com/view/subject/s/public/s24514468.jpg,[日] 东野圭吾 / 刘姿君 / 南海出版公司 / 2013-1-1 / 39.50元,[日] 东野圭吾 , 刘姿君 , 南海出版公司 , 39.50元,oAfPr0DGqh9DzQepM6uogzk4TaV4,20
福尔摩斯探案全集（上中下）,9.2,https://img3.doubanio.com/view/subject/s/public/s1229240.jpg,[英] 阿·柯南道尔 / 丁钟华 等 / 群众出版社 / 1981-8 / 53.00元/68.00元,[英] 阿·柯南道尔 ,none, 1981-8 ,68.00元,oAfPr0DGqh9DzQepM6uogzk4TaV4,20
房思琪的初恋乐园,9.2,https://img3.doubanio.com/view/subject/s/public/s29651121.jpg,林奕含 / 北京联合出版公司 / 2018-1 / 45.00元,林奕含 ,none, 北京联合出版公司 , 45.00元,oAfPr0DGqh9DzQepM6uogzk4TaV4,20
动物农场,9.2,https://img3.doubanio.com/view/subject/s/public/s2347590.jpg,[英] 乔治·奥威尔 / 荣如德 / 上海译文出版社 / 2007-3 / 10.00元,[英] 乔治·奥威尔 , 荣如德 , 上海译文出版社 , 10.00元,oAfPr0DGqh9DzQepM6uogzk4TaV4,20
小王子,9,https://img3.doubanio.com/view/subject/s/public/s1103152.jpg,[法] 圣埃克苏佩里 / 马振聘 / 人民文学出版社 / 2003-8 / 22.00元,[法] 圣埃克苏佩里 , 马振聘 , 人民文学出版社 , 22.00元,oAfPr0DGqh9DzQepM6uogzk4TaV4,20
天龙八部,9.1,https://img1.doubanio.com/view/subject/s/public/s23632058.jpg,金庸 / 生活.读书.新知三联书店 / 1994-5 / 96.0,金庸 ,none, 生活.读书.新知三联书店 ,96,oAfPr0DGqh9DzQepM6uogzk4TaV4,20
撒哈拉的故事,9.2,https://img3.doubanio.com/view/subject/s/public/s1066570.jpg,三毛 / 哈尔滨出版社 / 2003-8 / 15.80元,三毛 ,none, 哈尔滨出版社 , 15.80元,oAfPr0DGqh9DzQepM6uogzk4TaV4,20
安徒生童话故事集,9.2,https://img3.doubanio.com/view/subject/s/public/s1034062.jpg,（丹麦）安徒生 / 叶君健 / 人民文学出版社 / 1997-08 / 25.00元,（丹麦）安徒生 , 叶君健 , 人民文学出版社 , 25.00元,oAfPr0DGqh9DzQepM6uogzk4TaV4,20
哈利•波特,9.7,https://img9.doubanio.com/view/subject/s/public/s29552296.jpg,J.K.罗琳 (J.K.Rowling) / 人民文学出版社 / 2008-12-1 / 498.00元,J.K.罗琳 (J.K.Rowling) ,none, 人民文学出版社 , 498.00元,oAfPr0DGqh9DzQepM6uogzk4TaV4,20
人类简史,9.1,https://img3.doubanio.com/view/subject/s/public/s27814883.jpg,[以色列] 尤瓦尔·赫拉利 / 林俊宏 / 中信出版社 / 2014-11 / CNY 68.00,[以色列] 尤瓦尔·赫拉利 , 林俊宏 , 中信出版社 , CNY 68.00,oAfPr0DGqh9DzQepM6uogzk4TaV4,20
围城,8.9,https://img3.doubanio.com/view/subject/s/public/s1070222.jpg,钱锺书 / 人民文学出版社 / 1991-2 / 19.00,钱锺书 ,none, 人民文学出版社 ,19,oAfPr0DGqh9DzQepM6uogzk4TaV4,20
沉默的大多数,9.1,https://img1.doubanio.com/view/subject/s/public/s1447349.jpg,王小波 / 中国青年出版社 / 1997-10 / 27.00元,王小波 ,none, 中国青年出版社 , 27.00元,oAfPr0DGqh9DzQepM6uogzk4TaV4,20
平凡的世界（全三部）,9,https://img3.doubanio.com/view/subject/s/public/s1144911.jpg,路遥 / 人民文学出版社 / 2005-1 / 64.00元,路遥 ,none, 人民文学出版社 , 64.00元,oAfPr0DGqh9DzQepM6uogzk4TaV4,20
霍乱时期的爱情,9,https://img3.doubanio.com/view/subject/s/public/s11284102.jpg,[哥伦比亚] 加西亚·马尔克斯 / 杨玲 / 南海出版公司 / 2012-9-1 / 39.50元,[哥伦比亚] 加西亚·马尔克斯 , 杨玲 , 南海出版公司 , 39.50元,oAfPr0DGqh9DzQepM6uogzk4TaV4,20
明朝那些事儿（1-9）,9.1,https://img9.doubanio.com/view/subject/s/public/s3745215.jpg,当年明月 / 中国海关出版社 / 2009-4 / 358.20元,当年明月 ,none, 中国海关出版社 , 358.20元,oAfPr0DGqh9DzQepM6uogzk4TaV4,20
局外人,9,https://img9.doubanio.com/view/subject/s/public/s4468484.jpg,[法] 阿尔贝·加缪 / 柳鸣九 / 上海译文出版社 / 2010-8 / 22.00元,[法] 阿尔贝·加缪 , 柳鸣九 , 上海译文出版社 , 22.00元,oAfPr0DGqh9DzQepM6uogzk4TaV4,20
杀死一只知更鸟,9.2,https://img3.doubanio.com/view/subject/s/public/s23128183.jpg,[美] 哈珀·李 / 高红梅 / 译林出版社 / 2012-9 / 32.00元,[美] 哈珀·李 , 高红梅 , 译林出版社 , 32.00元,oAfPr0DGqh9DzQepM6uogzk4TaV4,20
笑傲江湖（全四册）,9,https://img9.doubanio.com/view/subject/s/public/s2157335.jpg,金庸 / 生活·读书·新知三联书店 / 1994-5 / 76.80元,金庸 ,none, 生活·读书·新知三联书店 , 76.80元,oAfPr0DGqh9DzQepM6uogzk4TaV4,20
月亮和六便士,9,https://img1.doubanio.com/view/subject/s/public/s2659208.jpg,[英] 毛姆 / 傅惟慈 / 上海译文出版社 / 2006-8 / 15.00元,[英] 毛姆 , 傅惟慈 , 上海译文出版社 , 15.00元,oAfPr0DGqh9DzQepM6uogzk4TaV4,20
中国历代政治得失,9.2,https://img9.doubanio.com/view/subject/s/public/s1319205.jpg,钱穆 / 生活·读书·新知三联书店 / 2001 / 12.00元,钱穆 ,none, 生活·读书·新知三联书店 , 12.00元,oAfPr0DGqh9DzQepM6uogzk4TaV4,20
基督山伯爵,9,https://img9.doubanio.com/view/subject/s/public/s3248016.jpg,大仲马 / 周克希 / 上海译文出版社 / 1991-12-1 / 43.90元,大仲马 , 周克希 , 上海译文出版社 , 43.90元,oAfPr0DGqh9DzQepM6uogzk4TaV4,20
肖申克的救赎,9.1,https://img9.doubanio.com/view/subject/s/public/s4007145.jpg,[美] 斯蒂芬·金 / 施寄青 / 人民文学出版社 / 2006-7 / 29.90元,[美] 斯蒂芬·金 , 施寄青 , 人民文学出版社 , 29.90元,oAfPr0DGqh9DzQepM6uogzk4TaV4,20
东方快车谋杀案,9,https://img1.doubanio.com/view/subject/s/public/s1765799.jpg,[英] 阿加莎·克里斯蒂 / 陈尧光 / 人民文学出版社 / 2006-5 / 18.00元,[英] 阿加莎·克里斯蒂 , 陈尧光 , 人民文学出版社 , 18.00元,oAfPr0DGqh9DzQepM6uogzk4TaV4,20
追风筝的人,8.9,https://img3.doubanio.com/view/subject/s/public/s1727290.jpg,[美] 卡勒德·胡赛尼 / 李继宏 / 上海人民出版社 / 2006-5 / 29.00元,[美] 卡勒德·胡赛尼 , 李继宏 , 上海人民出版社 , 29.00元,oAfPr0DGqh9DzQepM6uogzk4TaV4,20
万历十五年,8.9,https://img9.doubanio.com/view/subject/s/public/s1800355.jpg,[美] 黄仁宇 / 生活·读书·新知三联书店 / 1997-5 / 18.00元,[美] 黄仁宇 ,none, 生活·读书·新知三联书店 , 18.00元,oAfPr0DGqh9DzQepM6uogzk4TaV4,20
夹边沟记事,9.2,https://img3.doubanio.com/view/subject/s/public/s3455551.jpg,杨显惠 / 花城出版社 / 2008-09 / 34.00元,杨显惠 ,none, 花城出版社 , 34.00元,oAfPr0DGqh9DzQepM6uogzk4TaV4,20
嫌疑人X的献身,8.9,https://img9.doubanio.com/view/subject/s/public/s3254244.jpg,[日] 东野圭吾 / 刘子倩 / 南海出版公司 / 2008-9 / 28.00,[日] 东野圭吾 , 刘子倩 , 南海出版公司 ,28,oAfPr0DGqh9DzQepM6uogzk4TaV4,20
江城,9,https://img3.doubanio.com/view/subject/s/public/s7019913.jpg,[美] 彼得·海斯勒 / 李雪顺 / 上海译文出版社 / 2012-1 / 36.00元,[美] 彼得·海斯勒 , 李雪顺 , 上海译文出版社 , 36.00元,oAfPr0DGqh9DzQepM6uogzk4TaV4,20
寻路中国,9,https://img1.doubanio.com/view/subject/s/public/s4575849.jpg,[美] 彼得·海斯勒 / 李雪顺 / 上海译文出版社 / 2011-1 / 33.00元,[美] 彼得·海斯勒 , 李雪顺 , 上海译文出版社 , 33.00元,oAfPr0DGqh9DzQepM6uogzk4TaV4,20
刀锋,9,https://img3.doubanio.com/view/subject/s/public/s2347562.jpg,[英]毛姆 / 周煦良 / 上海译文出版社 / 2007-3 / 18.00元,[英]毛姆 , 周煦良 , 上海译文出版社 , 18.00元,oAfPr0DGqh9DzQepM6uogzk4TaV4,20
呐喊,8.9,https://img3.doubanio.com/view/subject/s/public/s4696893.jpg,鲁迅 / 人民文学出版社 / 1973年3月 / 0.36元,鲁迅 ,none, 人民文学出版社 , 0.36元,oAfPr0DGqh9DzQepM6uogzk4TaV4,20
乡土中国,9.2,https://img9.doubanio.com/view/subject/s/public/s1665415.jpg,费孝通 / 上海人民出版社 / 2006-4 / 38.00,费孝通 ,none, 上海人民出版社 ,38,oAfPr0DGqh9DzQepM6uogzk4TaV4,20
射雕英雄传（全四册）,9,https://img9.doubanio.com/view/subject/s/public/s2157336.jpg,金庸 / 生活·读书·新知三联书店 / 1999-04 / 47.00元,金庸 ,none, 生活·读书·新知三联书店 , 47.00元,oAfPr0DGqh9DzQepM6uogzk4TaV4,20
新名字的故事,9,https://img9.doubanio.com/view/subject/s/public/s29376146.jpg,[意] 埃莱娜·费兰特 / 陈英 / 人民文学出版社 / 2017-4 / 59.00元,[意] 埃莱娜·费兰特 , 陈英 , 人民文学出版社 , 59.00元,oAfPr0DGqh9DzQepM6uogzk4TaV4,20
城南旧事,9,https://img1.doubanio.com/view/subject/s/public/s2654869.jpg,林海音 文 / 中国青年出版社 / 2003-7 / 16.00元,林海音 文 ,none, 中国青年出版社 , 16.00元,oAfPr0DGqh9DzQepM6uogzk4TaV4,20
失踪的孩子,9.1,https://img1.doubanio.com/view/subject/s/public/s29799269.jpg,[意] 埃莱娜·费兰特 / 陈英 / 人民文学出版社 / 2018-7 / 62.00元,[意] 埃莱娜·费兰特 , 陈英 , 人民文学出版社 , 62.00元,oAfPr0DGqh9DzQepM6uogzk4TaV4,20
冰与火之歌,9.5,https://img9.doubanio.com/view/subject/s/public/s27218035.jpg,[美]乔治·R.R.马丁 / 谭光磊 / 重庆出版社 / 2013-10-1 / 330.00元,[美]乔治·R.R.马丁 , 谭光磊 , 重庆出版社 , 330.00元,oAfPr0DGqh9DzQepM6uogzk4TaV4,20
傲慢与偏见,8.9,https://img3.doubanio.com/view/subject/s/public/s4250062.jpg,[英] 奥斯丁 / 张玲 / 人民文学出版社 / 1993-7 / 13.00元,[英] 奥斯丁 , 张玲 , 人民文学出版社 , 13.00元,oAfPr0DGqh9DzQepM6uogzk4TaV4,20
格林童话全集,9,https://img3.doubanio.com/view/subject/s/public/s1134341.jpg,[德国]格林兄弟 / 魏以新 / 人民文学出版社 / 1994-11 / 21.45元,[德国]格林兄弟 , 魏以新 , 人民文学出版社 , 21.45元,oAfPr0DGqh9DzQepM6uogzk4TaV4,20
黄金时代,8.9,https://img3.doubanio.com/view/subject/s/public/s1076372.jpg,王小波 / 花城出版社 / 1999-3 / 19.00元,王小波 ,none, 花城出版社 , 19.00元,oAfPr0DGqh9DzQepM6uogzk4TaV4,20
我与地坛,9.1,https://img1.doubanio.com/view/subject/s/public/s1151479.jpg,史铁生 / 春风文艺出版社 / 2002-5 / 25.00元,史铁生 ,none, 春风文艺出版社 , 25.00元,oAfPr0DGqh9DzQepM6uogzk4TaV4,20
历史深处的忧虑,9,https://img9.doubanio.com/view/subject/s/public/s1768916.jpg,林达 / 生活·读书·新知三联书店 / 1997-5 / 19.00元,林达 ,none, 生活·读书·新知三联书店 , 19.00元,oAfPr0DGqh9DzQepM6uogzk4TaV4,20
无人生还,8.9,https://img3.doubanio.com/view/subject/s/public/s2962510.jpg,[英] 阿加莎・克里斯蒂 / 祁阿红 / 人民文学出版社 / 2008-3 / 19.00,[英] 阿加莎・克里斯蒂 , 祁阿红 , 人民文学出版社 ,19,oAfPr0DGqh9DzQepM6uogzk4TaV4,20
文学回忆录（全2册）,9.1,https://img1.doubanio.com/view/subject/s/public/s24611679.jpg,木心 口述 / 广西师范大学出版社 / 2013-1-10 / 98.00元,木心 口述 ,none, 广西师范大学出版社 , 98.00元,oAfPr0DGqh9DzQepM6uogzk4TaV4,20
白鹿原,9.2,https://img9.doubanio.com/view/subject/s/public/s28111905.jpg,陈忠实 / 人民文学出版社 / 2012-9 / 39.00元,陈忠实 ,none, 人民文学出版社 , 39.00元,oAfPr0DGqh9DzQepM6uogzk4TaV4,20
神雕侠侣,8.9,https://img9.doubanio.com/view/subject/s/public/s26018916.jpg,金庸 / 有1996年11月北平第4次印本 / 生活·读书·新知三联书店 / 1994-5 / 76.80元,金庸 , 有1996年11月北平第4次印本 , 生活·读书·新知三联书店 , 76.80元,oAfPr0DGqh9DzQepM6uogzk4TaV4,20
史记（全十册）,9.5,https://img9.doubanio.com/view/subject/s/public/s1953384.jpg,司马迁 / （索引）司马贞，（正义）张守节 / 中华书局 / 1982-11 / 125.00,司马迁 , （索引）司马贞，（正义）张守节 , 中华书局 ,125,oAfPr0DGqh9DzQepM6uogzk4TaV4,20
悲惨世界（上中下）,9,https://img9.doubanio.com/view/subject/s/public/s4521754.jpg,[法] 雨果 / 李丹 / 人民文学出版社 / 1992-6 / 66.00元,[法] 雨果 , 李丹 , 人民文学出版社 , 66.00元,oAfPr0DGqh9DzQepM6uogzk4TaV4,20
艺术的故事,9.6,https://img3.doubanio.com/view/subject/s/public/s3219163.jpg,[英] 贡布里希 (Sir E.H.Gombrich) / 范景中 / 广西美术出版社 / 2008-04 / 280.00,[英] 贡布里希 (Sir E.H.Gombrich) , 范景中 , 广西美术出版社 ,280,oAfPr0DGqh9DzQepM6uogzk4TaV4,20
许三观卖血记,8.8,https://img3.doubanio.com/view/subject/s/public/s1074291.jpg,余华 / 南海出版公司 / 1998-9 / 16.80元,余华 ,none, 南海出版公司 , 16.80元,oAfPr0DGqh9DzQepM6uogzk4TaV4,20
上帝掷骰子吗,9.2,https://img9.doubanio.com/view/subject/s/public/s1486674.jpg,曹天元 / 辽宁教育出版社 / 2006-1 / 32.00元,曹天元 ,none, 辽宁教育出版社 , 32.00元,oAfPr0DGqh9DzQepM6uogzk4TaV4,20
哭泣的骆驼,8.9,https://img9.doubanio.com/view/subject/s/public/s1020454.jpg,三毛 / 哈尔滨出版社 / 2003-6 / 15.80元,三毛 ,none, 哈尔滨出版社 , 15.80元,oAfPr0DGqh9DzQepM6uogzk4TaV4,20
看见,8.8,https://img3.doubanio.com/view/subject/s/public/s24468373.jpg,柴静 / 广西师范大学出版社 / 2013-1-1 / 39.80元,柴静 ,none, 广西师范大学出版社 , 39.80元,oAfPr0DGqh9DzQepM6uogzk4TaV4,20
浪潮之巅,9,https://img9.doubanio.com/view/subject/s/public/s6807265.jpg,吴军 / 电子工业出版社 / 2011-8 / 55.00元,吴军 ,none, 电子工业出版社 , 55.00元,oAfPr0DGqh9DzQepM6uogzk4TaV4,20
卡拉马佐夫兄弟,9.4,https://img3.doubanio.com/view/subject/s/public/s2059791.jpg,[俄] 费奥多尔·陀思妥耶夫斯基 / 荣如德 / 上海译文出版社 / 2006-8 / 25.00元,[俄] 费奥多尔·陀思妥耶夫斯基 , 荣如德 , 上海译文出版社 , 25.00元,oAfPr0DGqh9DzQepM6uogzk4TaV4,20
灿烂千阳,8.8,https://img9.doubanio.com/view/subject/s/public/s2651394.jpg,[美] 卡勒德·胡赛尼 / 李继宏 / 上海人民出版社 / 2007-9 / 28.00元,[美] 卡勒德·胡赛尼 , 李继宏 , 上海人民出版社 , 28.00元,oAfPr0DGqh9DzQepM6uogzk4TaV4,20
树上的男爵,9.1,https://img1.doubanio.com/view/subject/s/public/s8972078.jpg,[意大利]伊塔洛·卡尔维诺 / 吴正仪 / 译林出版社 / 2012-4-1 / 30.00元,[意大利]伊塔洛·卡尔维诺 , 吴正仪 , 译林出版社 , 30.00元,oAfPr0DGqh9DzQepM6uogzk4TaV4,20
邓小平时代,9.1,https://img1.doubanio.com/view/subject/s/public/s24516687.jpg,[美] 傅高义 / 冯克利 / 生活·读书·新知三联书店 / 2013-1 / 88.00元,[美] 傅高义 , 冯克利 , 生活·读书·新知三联书店 , 88.00元,oAfPr0DGqh9DzQepM6uogzk4TaV4,20
台北人,8.9,https://img9.doubanio.com/view/subject/s/public/s4526465.jpg,白先勇 / 广西师范大学出版社 / 2010-10 / 38.00元,白先勇 ,none, 广西师范大学出版社 , 38.00元,oAfPr0DGqh9DzQepM6uogzk4TaV4,20
人间词话,9,https://img1.doubanio.com/view/subject/s/public/s9130587.jpg,王国维 / 上海古籍出版社 / 1998-12-01 / 9.80元,王国维 ,none, 上海古籍出版社 , 9.80元,oAfPr0DGqh9DzQepM6uogzk4TaV4,20
诗经,9.4,https://img3.doubanio.com/view/subject/s/public/s1979223.jpg,孔丘 编订 / 北京出版社 / 2006-7 / 19.90元,孔丘 编订 ,none, 北京出版社 , 19.90元,oAfPr0DGqh9DzQepM6uogzk4TaV4,20
西游记（全二册）,8.9,https://img9.doubanio.com/view/subject/s/public/s1627374.jpg,吴承恩 / 黄肃秋 注释 / 人民文学出版社 / 2004-8 / 47.20元,吴承恩 , 黄肃秋 注释 , 人民文学出版社 , 47.20元,oAfPr0DGqh9DzQepM6uogzk4TaV4,20
窗边的小豆豆,8.7,https://img3.doubanio.com/view/subject/s/public/s1067911.jpg,[日] 黑柳彻子 著 / 赵玉皎 / 南海出版公司 / 2003-1 / 20.00元,[日] 黑柳彻子 著 , 赵玉皎 , 南海出版公司 , 20.00元,oAfPr0DGqh9DzQepM6uogzk4TaV4,20
永恒的终结,9,https://img3.doubanio.com/view/subject/s/public/s29555070.jpg,[美] 艾萨克·阿西莫夫 / 崔正男 / 江苏凤凰文艺出版社 / 2014-9-1 / 32.00元,[美] 艾萨克·阿西莫夫 , 崔正男 , 江苏凤凰文艺出版社 , 32.00元,oAfPr0DGqh9DzQepM6uogzk4TaV4,20
我们仨,8.7,https://img3.doubanio.com/view/subject/s/public/s1015872.jpg,杨绛 / 生活·读书·新知三联书店 / 2003-7 / 18.80元,杨绛 ,none, 生活·读书·新知三联书店 , 18.80元,oAfPr0DGqh9DzQepM6uogzk4TaV4,20
爱你就像爱生命,8.8,https://img3.doubanio.com/view/subject/s/public/s4661043.jpg,王小波 / 上海锦绣文章出版社 / 2008-5 / 18.00元,王小波 ,none, 上海锦绣文章出版社 , 18.00元,oAfPr0DGqh9DzQepM6uogzk4TaV4,20
悉达多,9,https://img1.doubanio.com/view/subject/s/public/s6790238.jpg,[德] 赫尔曼·黑塞 / 杨玉功 译 / 上海人民出版社 / 2009-3 / 20.00,[德] 赫尔曼·黑塞 , 杨玉功 译 , 上海人民出版社 ,20,oAfPr0DGqh9DzQepM6uogzk4TaV4,20
巨人的陨落,8.9,https://img9.doubanio.com/view/subject/s/public/s28668834.jpg,[英] 肯·福莱特 / 于大卫 / 江苏凤凰文艺出版社 / 2016-5-1 / 129.80元,[英] 肯·福莱特 , 于大卫 , 江苏凤凰文艺出版社 , 129.80元,oAfPr0DGqh9DzQepM6uogzk4TaV4,20
这些人，那些事,8.8,https://img3.doubanio.com/view/subject/s/public/s6828981.jpg,吴念真 / 译林出版社 / 2011-9 / 28.00元,吴念真 ,none, 译林出版社 , 28.00元,oAfPr0DGqh9DzQepM6uogzk4TaV4,20
道德经精义,9.4,https://img3.doubanio.com/view/subject/s/public/s1045431.jpg,黄元吉 / 陕西人民出版社 / 1996-10 / 4.50元,黄元吉 ,none, 陕西人民出版社 , 4.50元,oAfPr0DGqh9DzQepM6uogzk4TaV4,20
一个叫欧维的男人决定去死,9,https://img3.doubanio.com/view/subject/s/public/s29071620.jpg,[瑞典] 弗雷德里克·巴克曼 / 宁蒙 / 四川文艺出版社 / 2015-12 / 35.00元,[瑞典] 弗雷德里克·巴克曼 , 宁蒙 , 四川文艺出版社 , 35.00元,oAfPr0DGqh9DzQepM6uogzk4TaV4,20
教父,9,https://img1.doubanio.com/view/subject/s/public/s2832939.jpg,[美]马里奥·普佐 / 周汉林 / 译林出版社 / 1997-8 / 23.30元,[美]马里奥·普佐 , 周汉林 , 译林出版社 , 23.30元,oAfPr0DGqh9DzQepM6uogzk4TaV4,20
最好的告别,9,https://img3.doubanio.com/view/subject/s/public/s28355811.jpg,[美] 阿图·葛文德（Atul Gawande） / 王一方 主编 / 浙江人民出版社 / 2015-7-31 / CNY 54.90,[美] 阿图·葛文德（Atul Gawande） , 王一方 主编 , 浙江人民出版社 , CNY 54.90,oAfPr0DGqh9DzQepM6uogzk4TaV4,20
海子的诗,8.9,https://img3.doubanio.com/view/subject/s/public/s1067491.jpg,海子 / 人民文学出版社 / 1999-04 / 15.40,海子 ,none, 人民文学出版社 ,15.4,oAfPr0DGqh9DzQepM6uogzk4TaV4,20
你当像鸟飞往你的山,8.9,https://img9.doubanio.com/view/subject/s/public/s33492346.jpg,[美] 塔拉·韦斯特弗 / 任爱红 / 南海出版公司 / 2019-10-20 / 59.00元,[美] 塔拉·韦斯特弗 , 任爱红 , 南海出版公司 , 59.00元,oAfPr0DGqh9DzQepM6uogzk4TaV4,20
呼兰河传,8.9,https://img3.doubanio.com/view/subject/s/public/s1167060.jpg,萧红 / 百花文艺出版社 / 2005-01 / 19.00,萧红 ,none, 百花文艺出版社 ,19,oAfPr0DGqh9DzQepM6uogzk4TaV4,20
飞鸟集,8.9,https://img3.doubanio.com/view/subject/s/public/s1044902.jpg,[印] 罗宾德拉纳德·泰戈尔 / 徐翰林 / 哈尔滨出版社 / 2004-6 / 16.80元,[印] 罗宾德拉纳德·泰戈尔 , 徐翰林 , 哈尔滨出版社 , 16.80元,oAfPr0DGqh9DzQepM6uogzk4TaV4,20
看不见的城市,8.8,https://img3.doubanio.com/view/subject/s/public/s1804710.jpg,[意大利]伊塔洛·卡尔维诺 / 张宓 / 译林出版社 / 2006-8 / 16.00元,[意大利]伊塔洛·卡尔维诺 , 张宓 , 译林出版社 , 16.00元,oAfPr0DGqh9DzQepM6uogzk4TaV4,20
鹿鼎记（全五册）,8.8,https://img3.doubanio.com/view/subject/s/public/s3134040.jpg,金庸 / 广州出版社 花城出版社 / 2008-3 / 108.00元,金庸 ,none, 广州出版社 花城出版社 , 108.00元,oAfPr0DGqh9DzQepM6uogzk4TaV4,20
唐诗三百首,9.4,https://img1.doubanio.com/view/subject/s/public/s1008848.jpg,蘅塘退士 / 中华书局 / 1998-1-1 / 0.65,蘅塘退士 ,none, 中华书局 ,0.65,oAfPr0DGqh9DzQepM6uogzk4TaV4,20
朝花夕拾,8.8,https://img3.doubanio.com/view/subject/s/public/s2875823.jpg,鲁迅 / 人民文学出版社 / 1972年4月 / 0.25元,鲁迅 ,none, 人民文学出版社 , 0.25元,oAfPr0DGqh9DzQepM6uogzk4TaV4,20
斯通纳,8.8,https://img3.doubanio.com/view/subject/s/public/s28332051.jpg,[美] 约翰·威廉斯 / 杨向荣 / 上海人民出版社 / 2016-1 / 39.00元,[美] 约翰·威廉斯 , 杨向荣 , 上海人民出版社 , 39.00元,oAfPr0DGqh9DzQepM6uogzk4TaV4,20
梦里花落知多少,8.8,https://img3.doubanio.com/view/subject/s/public/s2393243.jpg,三毛 / 北京十月文艺出版社 / 2007-6 / 28.00元,三毛 ,none, 北京十月文艺出版社 , 28.00元,oAfPr0DGqh9DzQepM6uogzk4TaV4,20
人生的枷锁,9,https://img1.doubanio.com/view/subject/s/public/s3983958.jpg,[英] 毛姆 / 张柏然 / 上海译文出版社 / 2007-3 / 32.00元,[英] 毛姆 , 张柏然 , 上海译文出版社 , 32.00元,oAfPr0DGqh9DzQepM6uogzk4TaV4,20
边城,8.7,https://img1.doubanio.com/view/subject/s/public/s1595557.jpg,沈从文 / 北岳文艺出版社 / 2002-4 / 12.00元,沈从文 ,none, 北岳文艺出版社 , 12.00元,oAfPr0DGqh9DzQepM6uogzk4TaV4,20
罗杰疑案,8.9,https://img1.doubanio.com/view/subject/s/public/s1772249.jpg,[英] 阿加莎·克里斯蒂 / 张江云 / 人民文学出版社 / 2006-5 / 21.00元,[英] 阿加莎·克里斯蒂 , 张江云 , 人民文学出版社 , 21.00元,oAfPr0DGqh9DzQepM6uogzk4TaV4,20
金色梦乡,9,https://img9.doubanio.com/view/subject/s/public/s4444885.jpg,[日] 伊坂幸太郎 / 李彦桦 / 译林出版社 / 2010-9 / 35.00元,[日] 伊坂幸太郎 , 李彦桦 , 译林出版社 , 35.00元,oAfPr0DGqh9DzQepM6uogzk4TaV4,20
王尔德童话,9.1,https://img9.doubanio.com/view/subject/s/public/s2019056.jpg,[英] 王尔德 / 王林 / 译林出版社 / 2003-6 / 6.00元,[英] 王尔德 , 王林 , 译林出版社 , 6.00元,oAfPr0DGqh9DzQepM6uogzk4TaV4,20
时间简史,8.8,https://img3.doubanio.com/view/subject/s/public/s1914861.jpg,[英] 史蒂芬·霍金 / 许明贤 / 湖南科学技术出版社 / 2010-4 / 45.00元,[英] 史蒂芬·霍金 , 许明贤 , 湖南科学技术出版社 , 45.00元,oAfPr0DGqh9DzQepM6uogzk4TaV4,20
陆犯焉识,8.8,https://img3.doubanio.com/view/subject/s/public/s6987353.jpg,严歌苓 / 作家出版社 / 2011-10 / 35.00元,严歌苓 ,none, 作家出版社 , 35.00元,oAfPr0DGqh9DzQepM6uogzk4TaV4,20
叫魂,9,https://img3.doubanio.com/view/subject/s/public/s9015481.jpg,[美] 孔飞力 / 陈兼 / 生活·读书·新知三联书店 上海三联书店 / 2012-5 / 38.00元,[美] 孔飞力 , 陈兼 , 生活·读书·新知三联书店 上海三联书店 , 38.00元,oAfPr0DGqh9DzQepM6uogzk4TaV4,20
冬牧场,9,https://img3.doubanio.com/view/subject/s/public/s8958901.jpg,李娟 / 新星出版社 / 2012-6 / 29.80元,李娟 ,none, 新星出版社 , 29.80元,oAfPr0DGqh9DzQepM6uogzk4TaV4,20
一个陌生女人的来信,8.7,https://img1.doubanio.com/view/subject/s/public/s2611329.jpg,[奥] 斯台芬·茨威格 / 张玉书 / 上海译文出版社 / 2007-7 / 20.00元,[奥] 斯台芬·茨威格 , 张玉书 , 上海译文出版社 , 20.00元,oAfPr0DGqh9DzQepM6uogzk4TaV4,20
鼠疫,9.1,https://img3.doubanio.com/view/subject/s/public/s27003191.jpg,(法)阿尔贝·加缪 / 刘方 / 上海译文出版社 / 2013-8 / 34.00元,(法)阿尔贝·加缪 , 刘方 , 上海译文出版社 , 34.00元,oAfPr0DGqh9DzQepM6uogzk4TaV4,20
人生的智慧,9.2,https://img9.doubanio.com/view/subject/s/public/s4619775.jpg,[德] 阿图尔·叔本华 / 韦启昌 / 上海人民出版社 / 2008-10 / 28.00元,[德] 阿图尔·叔本华 , 韦启昌 , 上海人民出版社 , 28.00元,oAfPr0DGqh9DzQepM6uogzk4TaV4,20
美的历程,9.2,https://img3.doubanio.com/view/subject/s/public/s3893343.jpg,李泽厚 / 生活·读书·新知三联书店 / 2009-7-1 / 43.00元,李泽厚 ,none, 生活·读书·新知三联书店 , 43.00元,oAfPr0DGqh9DzQepM6uogzk4TaV4,20
彷徨,8.9,https://img9.doubanio.com/view/subject/s/public/s33500305.jpg,鲁迅 / 人民文学出版社 / 1973年3月 / 0.37元,鲁迅 ,none, 人民文学出版社 , 0.37元,oAfPr0DGqh9DzQepM6uogzk4TaV4,20
野草,9.3,https://img1.doubanio.com/view/subject/s/public/s2364689.jpg,鲁迅 / 人民文学出版社 / 1973-3 / 0.20元,鲁迅 ,none, 人民文学出版社 , 0.20元,oAfPr0DGqh9DzQepM6uogzk4TaV4,20
國史大綱（上下）,9.3,https://img9.doubanio.com/view/subject/s/public/s6795555.jpg,錢穆 / 商務印書館 / 2013-8 / 76.00元,錢穆 ,none, 商務印書館 , 76.00元,oAfPr0DGqh9DzQepM6uogzk4TaV4,20
孩子你慢慢来,8.7,https://img9.doubanio.com/view/subject/s/public/s4124434.jpg,龙应台 / 生活·读书·新知三联书店 / 2009-12-1 / 28.00元,龙应台 ,none, 生活·读书·新知三联书店 , 28.00元,oAfPr0DGqh9DzQepM6uogzk4TaV4,20
史蒂夫·乔布斯传,8.7,https://img3.doubanio.com/view/subject/s/public/s6974202.jpg,[美] 沃尔特·艾萨克森 / 管延圻 / 中信出版社 / 2011-10-24 / 68.00元,[美] 沃尔特·艾萨克森 , 管延圻 , 中信出版社 , 68.00元,oAfPr0DGqh9DzQepM6uogzk4TaV4,20
苏菲的世界,8.8,https://img3.doubanio.com/view/subject/s/public/s3042670.jpg,[挪] 乔斯坦·贾德 / 萧宝森 / 作家出版社 / 2007-10 / 26.00元,[挪] 乔斯坦·贾德 , 萧宝森 , 作家出版社 , 26.00元,oAfPr0DGqh9DzQepM6uogzk4TaV4,20
爱的艺术,8.8,https://img9.doubanio.com/view/subject/s/public/s2990934.jpg,[美] 艾·弗洛姆 / 李健鸣 / 上海译文出版社 / 2008-4 / 15.00元,[美] 艾·弗洛姆 , 李健鸣 , 上海译文出版社 , 15.00元,oAfPr0DGqh9DzQepM6uogzk4TaV4,20
我也有一个梦想,9,https://img9.doubanio.com/view/subject/s/public/s2170315.jpg,林达 / 生活·读书·新知三联书店 / 2004-08 / 25.00元,林达 ,none, 生活·读书·新知三联书店 , 25.00元,oAfPr0DGqh9DzQepM6uogzk4TaV4,20
万水千山走遍,8.8,https://img3.doubanio.com/view/subject/s/public/s1099483.jpg,三毛 / 哈尔滨出版社 / 2003-08 / 13.80,三毛 ,none, 哈尔滨出版社 ,13.8,oAfPr0DGqh9DzQepM6uogzk4TaV4,20
送你一颗子弹,8.6,https://img1.doubanio.com/view/subject/s/public/s4243447.jpg,刘瑜 / 上海三联书店 / 2010-1 / 25.00元,刘瑜 ,none, 上海三联书店 , 25.00元,oAfPr0DGqh9DzQepM6uogzk4TaV4,20
九州·缥缈录,8.9,https://img9.doubanio.com/view/subject/s/public/s28332484.jpg,江南 / 人民文学出版社 / 2015-10 / 198.00元,江南 ,none, 人民文学出版社 , 198.00元,oAfPr0DGqh9DzQepM6uogzk4TaV4,20
浮生六记,8.8,https://img9.doubanio.com/view/subject/s/public/s2280094.jpg,（清）沈复 / 人民文学出版社 / 1999-1 / 5.70元,（清）沈复 ,none, 人民文学出版社 , 5.70元,oAfPr0DGqh9DzQepM6uogzk4TaV4,20
情书,8.6,https://img9.doubanio.com/view/subject/s/public/s1127135.jpg,[日] 岩井俊二 / 穆晓芳 / 天津人民出版社 / 2004-7 / 18.00元,[日] 岩井俊二 , 穆晓芳 , 天津人民出版社 , 18.00元,oAfPr0DGqh9DzQepM6uogzk4TaV4,20
目送,8.6,https://img1.doubanio.com/view/subject/s/public/s3984108.jpg,龙应台 / 生活·读书·新知三联书店 / 2009-10 / 39.00元,龙应台 ,none, 生活·读书·新知三联书店 , 39.00元,oAfPr0DGqh9DzQepM6uogzk4TaV4,20
野火集,8.8,https://img1.doubanio.com/view/subject/s/public/s1469589.jpg,龙应台 / 文汇出版社 / 2005-8 / 25.00元,龙应台 ,none, 文汇出版社 , 25.00元,oAfPr0DGqh9DzQepM6uogzk4TaV4,20
离开的，留下的,8.7,https://img3.doubanio.com/view/subject/s/public/s29535271.jpg,[意] 埃莱娜·费兰特 / 陈英 / 人民文学出版社 / 2017-10 / 62.00,[意] 埃莱娜·费兰特 , 陈英 , 人民文学出版社 ,62,oAfPr0DGqh9DzQepM6uogzk4TaV4,20
亲爱的安德烈,8.6,https://img1.doubanio.com/view/subject/s/public/s3993878.jpg,龙应台 / 人民文学出版社 / 2008-12 / 26.00,龙应台 ,none, 人民文学出版社 ,26,oAfPr0DGqh9DzQepM6uogzk4TaV4,20
孽子,9.1,https://img3.doubanio.com/view/subject/s/public/s6240330.jpg,白先勇 / 广西师范大学出版社 / 2010.10 / 46.00元,白先勇 ,none, 广西师范大学出版社 , 46.00元,oAfPr0DGqh9DzQepM6uogzk4TaV4,20
昨日的世界,9.2,https://img1.doubanio.com/view/subject/s/public/s1121598.jpg,[奥] 斯蒂芬·茨威格 / 舒昌善 / 广西师范大学出版社 / 2004-5-1 / 32.00元,[奥] 斯蒂芬·茨威格 , 舒昌善 , 广西师范大学出版社 , 32.00元,oAfPr0DGqh9DzQepM6uogzk4TaV4,20
经济学原理（上下）,9.1,https://img9.doubanio.com/view/subject/s/public/s1785715.jpg,[美] 曼昆 / 梁小民 / 机械工业出版社 / 2003-8 / 88.00元,[美] 曼昆 , 梁小民 , 机械工业出版社 , 88.00元,oAfPr0DGqh9DzQepM6uogzk4TaV4,20
亮剑,8.9,https://img1.doubanio.com/view/subject/s/public/s6535918.jpg,都梁 / 解放军文艺出版社 / 2005-3 / 28.00元,都梁 ,none, 解放军文艺出版社 , 28.00元,oAfPr0DGqh9DzQepM6uogzk4TaV4,20
球状闪电,8.7,https://img9.doubanio.com/view/subject/s/public/s26040205.jpg,刘慈欣 / 四川科学技术出版社 / 2005-6 / 22.00元,刘慈欣 ,none, 四川科学技术出版社 , 22.00元,oAfPr0DGqh9DzQepM6uogzk4TaV4,20
倾城之恋,8.7,https://img3.doubanio.com/view/subject/s/public/s4638950.jpg,张爱玲 / 北京十月文艺出版社 / 2006-12 / 29.80元,张爱玲 ,none, 北京十月文艺出版社 , 29.80元,oAfPr0DGqh9DzQepM6uogzk4TaV4,20
绿毛水怪,9,https://img9.doubanio.com/view/subject/s/public/s3675595.jpg,王小波 / 时代文艺出版社 / 2009-1 / 30.00元,王小波 ,none, 时代文艺出版社 , 30.00元,oAfPr0DGqh9DzQepM6uogzk4TaV4,20
不能承受的生命之轻,8.8,https://img3.doubanio.com/view/subject/s/public/s4421443.jpg,米兰·昆德拉 / 许钧 / 上海译文出版社 / 2010-8 / 29.00元,米兰·昆德拉 , 许钧 , 上海译文出版社 , 29.00元,oAfPr0DGqh9DzQepM6uogzk4TaV4,20
面纱,8.7,https://img9.doubanio.com/view/subject/s/public/s9038826.jpg,(英)W.萨默塞特·毛姆 / 阮景林 / 重庆 / 2012-05-01 / 32.00元,(英)W.萨默塞特·毛姆 , 阮景林 , 重庆 , 32.00元,oAfPr0DGqh9DzQepM6uogzk4TaV4,20
解忧杂货店,8.5,https://img3.doubanio.com/view/subject/s/public/s27264181.jpg,[日] 东野圭吾 / 李盈春 / 南海出版公司 / 2014-5 / 39.50元,[日] 东野圭吾 , 李盈春 , 南海出版公司 , 39.50元,oAfPr0DGqh9DzQepM6uogzk4TaV4,20
银河系漫游指南,8.8,https://img3.doubanio.com/view/subject/s/public/s3696740.jpg,[英] 道格拉斯·亚当斯 / 徐百柯 / 四川科学技术出版社 / 2005-6 / 16.00元,[英] 道格拉斯·亚当斯 , 徐百柯 , 四川科学技术出版社 , 16.00元,oAfPr0DGqh9DzQepM6uogzk4TaV4,20
古文观止,9.1,https://img3.doubanio.com/view/subject/s/public/s1325863.jpg,吴楚材 / 中华书局 / 1987-1-1 / 21.00元,吴楚材 ,none, 中华书局 , 21.00元,oAfPr0DGqh9DzQepM6uogzk4TaV4,20
献给阿尔吉侬的花束,9,https://img3.doubanio.com/view/subject/s/public/s28050760.jpg,[美] 丹尼尔·凯斯 / 陈澄和 / 广西师范大学出版社 / 2015-4 / 36.00元,[美] 丹尼尔·凯斯 , 陈澄和 , 广西师范大学出版社 , 36.00元,oAfPr0DGqh9DzQepM6uogzk4TaV4,20
激荡三十年,8.6,https://img3.doubanio.com/view/subject/s/public/s3203360.jpg,吴晓波 / 中信出版社 / 2008-7-1 / 32.00元,吴晓波 ,none, 中信出版社 , 32.00元,oAfPr0DGqh9DzQepM6uogzk4TaV4,20
枪炮、病菌与钢铁,8.7,https://img3.doubanio.com/view/subject/s/public/s1738643.jpg,[美] 贾雷德·戴蒙德 / 谢延光 / 上海世纪出版集团 / 2006-4-1 / 45.00元,[美] 贾雷德·戴蒙德 , 谢延光 , 上海世纪出版集团 , 45.00元,oAfPr0DGqh9DzQepM6uogzk4TaV4,20
我的阿勒泰,8.8,https://img1.doubanio.com/view/subject/s/public/s6180859.jpg,李娟 / 云南人民出版社 / 2010-7-1 / 22.00元,李娟 ,none, 云南人民出版社 , 22.00元,oAfPr0DGqh9DzQepM6uogzk4TaV4,20
温柔的夜,9.1,https://img1.doubanio.com/view/subject/s/public/s2391798.jpg,三毛 / 北京十月文艺出版社 / 2007-5 / 28.00元,三毛 ,none, 北京十月文艺出版社 , 28.00元,oAfPr0DGqh9DzQepM6uogzk4TaV4,20
麦琪的礼物,8.6,https://img3.doubanio.com/view/subject/s/public/s1137441.jpg,[美] 欧·亨利 / 张经浩 / 上海社会科学院出版社 / 2003-7 / 25.00元,[美] 欧·亨利 , 张经浩 , 上海社会科学院出版社 , 25.00元,oAfPr0DGqh9DzQepM6uogzk4TaV4,20
渴望生活,9.2,https://img1.doubanio.com/view/subject/s/public/s3099438.jpg,[美] 欧文·斯通 / 常涛 / 北京十月文艺出版社 / 2008-4 / 29.80元,[美] 欧文·斯通 , 常涛 , 北京十月文艺出版社 , 29.80元,oAfPr0DGqh9DzQepM6uogzk4TaV4,20
半生缘,8.6,https://img1.doubanio.com/view/subject/s/public/s2838737.jpg,张爱玲 / 北京十月文艺出版社 / 2006-12 / 28.00元,张爱玲 ,none, 北京十月文艺出版社 , 28.00元,oAfPr0DGqh9DzQepM6uogzk4TaV4,20
阿勒泰的角落,9.1,https://img3.doubanio.com/view/subject/s/public/s6185540.jpg,李娟 / 万卷出版公司 / 2010-6 / 25.00元,李娟 ,none, 万卷出版公司 , 25.00元,oAfPr0DGqh9DzQepM6uogzk4TaV4,20
尼罗河上的惨案,8.7,https://img1.doubanio.com/view/subject/s/public/s1683067.jpg,[英] 阿加莎·克里斯蒂 / 宫英海 / 人民文学出版社 / 2006-5 / 22.00元,[英] 阿加莎·克里斯蒂 , 宫英海 , 人民文学出版社 , 22.00元,oAfPr0DGqh9DzQepM6uogzk4TaV4,20
四世同堂,9.3,https://img1.doubanio.com/view/subject/s/public/s3228699.jpg,老舍 / 北京十月文艺出版社 / 2008-07 / 36.00元,老舍 ,none, 北京十月文艺出版社 , 36.00元,oAfPr0DGqh9DzQepM6uogzk4TaV4,20
万物有灵且美,8.8,https://img9.doubanio.com/view/subject/s/public/s4093514.jpg,[英] 吉米·哈利 / 种衍伦 / 中国城市出版社 / 2010-1 / 28.80,[英] 吉米·哈利 , 种衍伦 , 中国城市出版社 ,28.8,oAfPr0DGqh9DzQepM6uogzk4TaV4,20
霸王别姬,9.1,https://img9.doubanio.com/view/subject/s/public/s24964086.jpg,李碧华 / 人民文学出版社 / 1999-1 / 10.20元,李碧华 ,none, 人民文学出版社 , 10.20元,oAfPr0DGqh9DzQepM6uogzk4TaV4,20
天朝的崩溃,9.1,https://img3.doubanio.com/view/subject/s/public/s1681072.jpg,茅海建 / 生活·读书·新知三联书店 / 2005-7 / 32.00元,茅海建 ,none, 生活·读书·新知三联书店 , 32.00元,oAfPr0DGqh9DzQepM6uogzk4TaV4,20
民主的细节,8.6,https://img1.doubanio.com/view/subject/s/public/s4146437.jpg,刘瑜 / 上海三联书店 / 2009-6 / 25.00,刘瑜 ,none, 上海三联书店 ,25,oAfPr0DGqh9DzQepM6uogzk4TaV4,20
总统是靠不住的,8.8,https://img9.doubanio.com/view/subject/s/public/s2170316.jpg,林达 / 生活·读书·新知三联书店 / 2004-08 / 21.80,林达 ,none, 生活·读书·新知三联书店 ,21.8,oAfPr0DGqh9DzQepM6uogzk4TaV4,20
德米安,9,https://img9.doubanio.com/view/subject/s/public/s3979854.jpg,[德] 赫尔曼·黑塞 / 丁君君 / 上海人民出版社 / 2009-3 / 25.00元,[德] 赫尔曼·黑塞 , 丁君君 , 上海人民出版社 , 25.00元,oAfPr0DGqh9DzQepM6uogzk4TaV4,20
最好的我们,8.7,https://img9.doubanio.com/view/subject/s/public/s26720726.jpg,八月长安 / 湖南文艺出版社 / 2013-8-5 / 55,八月长安 ,none, 湖南文艺出版社 ,55,oAfPr0DGqh9DzQepM6uogzk4TaV4,20
受戒,9.3,https://img3.doubanio.com/view/subject/s/public/s3628082.jpg,汪曾祺 / 漓江出版社 / 1987-10 / 3.95元,汪曾祺 ,none, 漓江出版社 , 3.95元,oAfPr0DGqh9DzQepM6uogzk4TaV4,20
小径分岔的花园,8.9,https://img1.doubanio.com/view/subject/s/public/s29746559.jpg,[阿根廷] 豪·路·博尔赫斯 / 王永年 / 上海译文出版社 / 2015-7 / 23.00,[阿根廷] 豪·路·博尔赫斯 , 王永年 , 上海译文出版社 ,23,oAfPr0DGqh9DzQepM6uogzk4TaV4,20
我不知道该说什么，关于死亡还是爱情,9,https://img3.doubanio.com/view/subject/s/public/s28313152.jpg,S.A.阿列克谢耶维奇 / 方祖芳 / 花城出版社/铁葫芦图书 / 2014-6-15 / 34.80元,S.A.阿列克谢耶维奇 ,none,铁葫芦图书 , 34.80元,oAfPr0DGqh9DzQepM6uogzk4TaV4,20
社会心理学,9,https://img3.doubanio.com/view/subject/s/public/s1670932.jpg,[美] 戴维·迈尔斯 / 张智勇 / 人民邮电出版社 / 2006-1 / 68.00元,[美] 戴维·迈尔斯 , 张智勇 , 人民邮电出版社 , 68.00元,oAfPr0DGqh9DzQepM6uogzk4TaV4,20
罗生门,8.7,https://img1.doubanio.com/view/subject/s/public/s3435158.jpg,[日]芥川龙之介 / 林少华 / 上海译文出版社 / 2008-7 / 12.00元,[日]芥川龙之介 , 林少华 , 上海译文出版社 , 12.00元,oAfPr0DGqh9DzQepM6uogzk4TaV4,20
故事,9.2,https://img1.doubanio.com/view/subject/s/public/s27598249.jpg,[美] 罗伯特·麦基 / 周铁东 / 天津人民出版社 / 2014-9-1 / 68.00元,[美] 罗伯特·麦基 , 周铁东 , 天津人民出版社 , 68.00元,oAfPr0DGqh9DzQepM6uogzk4TaV4,20
荆棘鸟,8.6,https://img9.doubanio.com/view/subject/s/public/s2781615.jpg,[澳] 考琳·麦卡洛 / 曾胡 / 译林出版社 / 1998-7 / 28.00元,[澳] 考琳·麦卡洛 , 曾胡 , 译林出版社 , 28.00元,oAfPr0DGqh9DzQepM6uogzk4TaV4,20
倚天屠龙记(共四册),8.6,https://img1.doubanio.com/view/subject/s/public/s1829709.jpg,金庸 / 三联书店 / 1999-04 / 47.00,金庸 ,none, 三联书店 ,47,oAfPr0DGqh9DzQepM6uogzk4TaV4,20
棋王,8.8,https://img1.doubanio.com/view/subject/s/public/s26237958.jpg,阿城 / 作家出版社 / 1999-10 / 13.00,阿城 ,none, 作家出版社 ,13,oAfPr0DGqh9DzQepM6uogzk4TaV4,20
全球通史,9.1,https://img3.doubanio.com/view/subject/s/public/s29796663.jpg,(美) 斯塔夫里阿诺斯 / 吴象婴 / 北京大学出版社 / 2012-2-1 / 168.00元,(美) 斯塔夫里阿诺斯 , 吴象婴 , 北京大学出版社 , 168.00元,oAfPr0DGqh9DzQepM6uogzk4TaV4,20
上学记,8.9,https://img9.doubanio.com/view/subject/s/public/s1950424.jpg,何兆武 口述 / 生活·读书·新知三联书店 / 2006-8 / 19.80元,何兆武 口述 ,none, 生活·读书·新知三联书店 , 19.80元,oAfPr0DGqh9DzQepM6uogzk4TaV4,20
此生未完成,8.9,https://img3.doubanio.com/view/subject/s/public/s6343233.jpg,于娟 / 湖南科技出版社 / 2011-5 / 26.00元,于娟 ,none, 湖南科技出版社 , 26.00元,oAfPr0DGqh9DzQepM6uogzk4TaV4,20
顾城的诗,8.8,https://img3.doubanio.com/view/subject/s/public/s1024472.jpg,顾城 / 人民文学出版社 / 1998-12 / 20.00,顾城 ,none, 人民文学出版社 ,20,oAfPr0DGqh9DzQepM6uogzk4TaV4,20
牧羊少年奇幻之旅,8.5,https://img1.doubanio.com/view/subject/s/public/s3668327.jpg,[巴西] 保罗·柯艾略 / 丁文林 / 南海出版公司 / 2009-3-1 / 25.00元,[巴西] 保罗·柯艾略 , 丁文林 , 南海出版公司 , 25.00元,oAfPr0DGqh9DzQepM6uogzk4TaV4,20
一句顶一万句,8.7,https://img1.doubanio.com/view/subject/s/public/s6916838.jpg,刘震云 / 长江文艺出版社 / 2009-3 / 29.80,刘震云 ,none, 长江文艺出版社 ,29.8,oAfPr0DGqh9DzQepM6uogzk4TaV4,20
雨季不再来,8.7,https://img1.doubanio.com/view/subject/s/public/s2563279.jpg,三毛 / 北京十月文艺出版社 / 2007-7 / 28.00元,三毛 ,none, 北京十月文艺出版社 , 28.00元,oAfPr0DGqh9DzQepM6uogzk4TaV4,20
失明症漫记,9.1,https://img1.doubanio.com/view/subject/s/public/s27217828.jpg,(葡)若泽·萨拉马戈 / 范维信 / 南海出版公司 / 2014-2 / 29.50,(葡)若泽·萨拉马戈 , 范维信 , 南海出版公司 ,29.5,oAfPr0DGqh9DzQepM6uogzk4TaV4,20
罪与罚,9.1,https://img9.doubanio.com/view/subject/s/public/s1790246.jpg,[俄] 陀思妥耶夫斯基 / 岳麟 / 上海译文出版社 / 2006-8 / 23.00元,[俄] 陀思妥耶夫斯基 , 岳麟 , 上海译文出版社 , 23.00元,oAfPr0DGqh9DzQepM6uogzk4TaV4,20
正见,8.8,https://img3.doubanio.com/view/subject/s/public/s1993421.jpg,宗萨蒋扬钦哲仁波切 / 姚仁喜 / 中国友谊出版公司 / 2007-1 / 25.00元,宗萨蒋扬钦哲仁波切 , 姚仁喜 , 中国友谊出版公司 , 25.00元,oAfPr0DGqh9DzQepM6uogzk4TaV4,20
草房子,9,https://img3.doubanio.com/view/subject/s/public/s2652540.jpg,曹文轩 / 江苏少年儿童出版社 / 2009-6 / 18.00元,曹文轩 ,none, 江苏少年儿童出版社 , 18.00元,oAfPr0DGqh9DzQepM6uogzk4TaV4,20
雷雨,8.6,https://img1.doubanio.com/view/subject/s/public/s23579217.jpg,曹禺 / 人民文学出版社 / 1999-05 / 9.20,曹禺 ,none, 人民文学出版社 ,9.2,oAfPr0DGqh9DzQepM6uogzk4TaV4,20
水浒传（全二册）,8.6,https://img1.doubanio.com/view/subject/s/public/s1436519.jpg,[明] 施耐庵 / 人民文学出版社 / 1997-1 / 50.60元,[明] 施耐庵 ,none, 人民文学出版社 , 50.60元,oAfPr0DGqh9DzQepM6uogzk4TaV4,20
人间草木,9,https://img3.doubanio.com/view/subject/s/public/s1201610.jpg,汪曾祺 / 江苏文艺出版社 / 2005-01 / 20.00元,汪曾祺 ,none, 江苏文艺出版社 , 20.00元,oAfPr0DGqh9DzQepM6uogzk4TaV4,20
理想国,8.7,https://img9.doubanio.com/view/subject/s/public/s1068535.jpg,[古希腊] 柏拉图 / 郭斌和 / 商务印书馆 / 1986-8 / 28.00元,[古希腊] 柏拉图 , 郭斌和 , 商务印书馆 , 28.00元,oAfPr0DGqh9DzQepM6uogzk4TaV4,20
一千零一夜,8.7,https://img1.doubanio.com/view/subject/s/public/s1070937.jpg,纳训 / 人民文学出版社 / 2003-01 / 22.0,纳训 ,none, 人民文学出版社 ,22,oAfPr0DGqh9DzQepM6uogzk4TaV4,20
认识电影,8.9,https://img3.doubanio.com/view/subject/s/public/s2781361.jpg,[美] 路易斯·贾内梯 / 焦雄屏 / 世界图书出版公司 / 2007-11 / 68.00元,[美] 路易斯·贾内梯 , 焦雄屏 , 世界图书出版公司 , 68.00元,oAfPr0DGqh9DzQepM6uogzk4TaV4,20
黑客与画家,8.7,https://img9.doubanio.com/view/subject/s/public/s4669554.jpg,[美] Paul Graham / 阮一峰 / 人民邮电出版社 / 2011-4 / 49.00元,[美] Paul Graham , 阮一峰 , 人民邮电出版社 , 49.00元,oAfPr0DGqh9DzQepM6uogzk4TaV4,20
从一到无穷大,9.1,https://img3.doubanio.com/view/subject/s/public/s2516920.jpg,[美] G. 伽莫夫 / 暴永宁 译 / 科学出版社 / 2002-11 / 29.00元,[美] G. 伽莫夫 , 暴永宁 译 , 科学出版社 , 29.00元,oAfPr0DGqh9DzQepM6uogzk4TaV4,20
青铜时代,8.7,https://img3.doubanio.com/view/subject/s/public/s1072541.jpg,王小波 / 花城出版社 / 1997-5 / 29.00元,王小波 ,none, 花城出版社 , 29.00元,oAfPr0DGqh9DzQepM6uogzk4TaV4,20
我的天才女友,8.5,https://img1.doubanio.com/view/subject/s/public/s29164777.jpg,[意] 埃莱娜·费兰特 / 陈英 / 人民文学出版社 / 2017-1 / 42.00元,[意] 埃莱娜·费兰特 , 陈英 , 人民文学出版社 , 42.00元,oAfPr0DGqh9DzQepM6uogzk4TaV4,20
圣经,9,https://img1.doubanio.com/view/subject/s/public/s1677577.jpg,中国基督教协会 / 中国基督教协会 / 1996,中国基督教协会 ,none,中国基督教协会 ,1996,oAfPr0DGqh9DzQepM6uogzk4TaV4,20
孙子兵法,9.4,https://img1.doubanio.com/view/subject/s/public/s2142329.jpg,孙武 / 郭化若 / 上海古籍出版社 / 2006-7 / 20.00元,孙武 , 郭化若 , 上海古籍出版社 , 20.00元,oAfPr0DGqh9DzQepM6uogzk4TaV4,20
茶馆,9,https://img3.doubanio.com/view/subject/s/public/s33516550.jpg,老舍 / 人民文学出版社 / 2002-1 / 9.80元,老舍 ,none, 人民文学出版社 , 9.80元,oAfPr0DGqh9DzQepM6uogzk4TaV4,20
巨流河,8.7,https://img1.doubanio.com/view/subject/s/public/s4494379.jpg,齐邦媛 / 生活·读书·新知三联书店 / 2010-10 / 39.00元,齐邦媛 ,none, 生活·读书·新知三联书店 , 39.00元,oAfPr0DGqh9DzQepM6uogzk4TaV4,20
一桩事先张扬的凶杀案,8.7,https://img1.doubanio.com/view/subject/s/public/s26546959.jpg,[哥伦比亚] 加西亚·马尔克斯 / 魏然 / 南海出版公司 / 2013-6 / 25.00元,[哥伦比亚] 加西亚·马尔克斯 , 魏然 , 南海出版公司 , 25.00元,oAfPr0DGqh9DzQepM6uogzk4TaV4,20
火星救援,8.9,https://img1.doubanio.com/view/subject/s/public/s28284337.jpg,[美] 安迪·威尔 / 陈灼 / 译林出版社 / 2015-10 / 38.00,[美] 安迪·威尔 , 陈灼 , 译林出版社 ,38,oAfPr0DGqh9DzQepM6uogzk4TaV4,20
繁花,8.7,https://img1.doubanio.com/view/subject/s/public/s26037307.jpg,金宇澄 / 上海文艺出版社 / 2013-3 / 48.00元,金宇澄 ,none, 上海文艺出版社 , 48.00元,oAfPr0DGqh9DzQepM6uogzk4TaV4,20
中国哲学简史,8.9,https://img9.doubanio.com/view/subject/s/public/s1069364.jpg,冯友兰 / 赵复三 / 新世界出版社 / 2004-1 / 38.00元,冯友兰 , 赵复三 , 新世界出版社 , 38.00元,oAfPr0DGqh9DzQepM6uogzk4TaV4,20
金锁记,8.6,https://img9.doubanio.com/view/subject/s/public/s2976745.jpg,张爱玲 / 哈尔滨出版社 / 2005-6 / 13.5元,张爱玲 ,none, 哈尔滨出版社 , 13.5元,oAfPr0DGqh9DzQepM6uogzk4TaV4,20
额尔古纳河右岸,9,https://img9.doubanio.com/view/subject/s/public/s3380714.jpg,迟子建 / 北京十月文艺出版社 / 2005-12-1 / 29.00元,迟子建 ,none, 北京十月文艺出版社 , 29.00元,oAfPr0DGqh9DzQepM6uogzk4TaV4,20
海风中失落的血色馈赠,9.1,https://img3.doubanio.com/view/subject/s/public/s28061231.jpg,[加拿大] 阿利斯泰尔·麦克劳德 / 陈以侃 / 上海文艺出版社 / 2015-6-1 / CNY 20.00,[加拿大] 阿利斯泰尔·麦克劳德 , 陈以侃 , 上海文艺出版社 , CNY 20.00,oAfPr0DGqh9DzQepM6uogzk4TaV4,20
设计中的设计,8.6,https://img3.doubanio.com/view/subject/s/public/s2165932.jpg,[日] 原研哉 / 朱锷 / 山东人民出版社 / 2006-11 / 48.00元,[日] 原研哉 , 朱锷 , 山东人民出版社 , 48.00元,oAfPr0DGqh9DzQepM6uogzk4TaV4,20
银河帝国：基地七部曲,9.5,https://img9.doubanio.com/view/subject/s/public/s28284246.jpg,[美] 艾萨克·阿西莫夫 / 叶李华 / 江苏凤凰文艺出版社 / 2015-10-1 / 328.00元,[美] 艾萨克·阿西莫夫 , 叶李华 , 江苏凤凰文艺出版社 , 328.00元,oAfPr0DGqh9DzQepM6uogzk4TaV4,20
简爱（英文全本）,8.5,https://img9.doubanio.com/view/subject/s/public/s5924326.jpg,[英] 夏洛蒂·勃朗特 / 世界图书出版公司 / 2003-11 / 18.00元,[英] 夏洛蒂·勃朗特 ,none, 世界图书出版公司 , 18.00元,oAfPr0DGqh9DzQepM6uogzk4TaV4,20
强风吹拂,9,https://img1.doubanio.com/view/subject/s/public/s27914268.jpg,三浦紫苑 / 林佩瑾 / 广西师范大学出版社 / 2015-1-1 / 39.00元,三浦紫苑 , 林佩瑾 , 广西师范大学出版社 , 39.00元,oAfPr0DGqh9DzQepM6uogzk4TaV4,20
众病之王,9.1,https://img1.doubanio.com/view/subject/s/public/s24598159.jpg,[美] 悉达多·穆克吉 / 李虎 / 中信出版社 / 2013-2-4 / 42.00元,[美] 悉达多·穆克吉 , 李虎 , 中信出版社 , 42.00元,oAfPr0DGqh9DzQepM6uogzk4TaV4,20
恶意,8.4,https://img9.doubanio.com/view/subject/s/public/s3814606.jpg,[日] 东野圭吾 / 娄美莲 / 南海出版公司 / 2009-6 / 18.00,[日] 东野圭吾 , 娄美莲 , 南海出版公司 ,18,oAfPr0DGqh9DzQepM6uogzk4TaV4,20
庄子,9.4,https://img9.doubanio.com/view/subject/s/public/s5765615.jpg,孙通海 译注 / 方勇 译注 / 中华书局 / 2007-04 / 20.00元,孙通海 译注 , 方勇 译注 , 中华书局 , 20.00元,oAfPr0DGqh9DzQepM6uogzk4TaV4,20
狂热分子,8.9,https://img1.doubanio.com/view/subject/s/public/s28036829.jpg,[美] 埃里克·霍弗 / 梁永安 / 广西师范大学出版社 / 2011-6 / 34.00元,[美] 埃里克·霍弗 , 梁永安 , 广西师范大学出版社 , 34.00元,oAfPr0DGqh9DzQepM6uogzk4TaV4,20
影响力,8.6,https://img9.doubanio.com/view/subject/s/public/s1657785.jpg,[美] 罗伯特·西奥迪尼 / 陈叙 / 中国人民大学出版社 / 2006-5 / 45.00元,[美] 罗伯特·西奥迪尼 , 陈叙 , 中国人民大学出版社 , 45.00元,oAfPr0DGqh9DzQepM6uogzk4TaV4,20
ZOO,8.6,https://img1.doubanio.com/view/subject/s/public/s2756239.jpg,[日] 乙一 / 李颖秋 / 当代世界出版社 / 2007-10 / 20.00元,[日] 乙一 , 李颖秋 , 当代世界出版社 , 20.00元,oAfPr0DGqh9DzQepM6uogzk4TaV4,20
象棋的故事,9.1,https://img3.doubanio.com/view/subject/s/public/s2897060.jpg,[奥] 斯台芬·茨威格 / 张玉书 / 上海译文出版社 / 2007-7 / 23.00元,[奥] 斯台芬·茨威格 , 张玉书 , 上海译文出版社 , 23.00元,oAfPr0DGqh9DzQepM6uogzk4TaV4,20
毛姆短篇小说精选集,9.1,https://img9.doubanio.com/view/subject/s/public/s24174596.jpg,(英)威廉·萨默塞特·毛姆 / 冯亦代 / 译林出版社 / 2012-11 / 36.00元,(英)威廉·萨默塞特·毛姆 , 冯亦代 , 译林出版社 , 36.00元,oAfPr0DGqh9DzQepM6uogzk4TaV4,20
你一生的故事,8.6,https://img9.doubanio.com/view/subject/s/public/s28033064.jpg,[美] 特德·姜 / 李克勤 / 译林出版社 / 2015-5 / 36.00元,[美] 特德·姜 , 李克勤 , 译林出版社 , 36.00元,oAfPr0DGqh9DzQepM6uogzk4TaV4,20
夏洛的网,8.6,https://img1.doubanio.com/view/subject/s/public/s1120437.jpg,[美] E.B.怀特 / 任溶溶 / 上海译文出版社 / 2004-5 / 17.00元,[美] E.B.怀特 , 任溶溶 , 上海译文出版社 , 17.00元,oAfPr0DGqh9DzQepM6uogzk4TaV4,20
世界尽头与冷酷仙境,8.6,https://img1.doubanio.com/view/subject/s/public/s1801057.jpg,[日] 村上春树 / 林少华 / 上海译文出版社 / 2002-12 / 23.00元,[日] 村上春树 , 林少华 , 上海译文出版社 , 23.00元,oAfPr0DGqh9DzQepM6uogzk4TaV4,20
世界的凛冬,8.8,https://img1.doubanio.com/view/subject/s/public/s29331058.jpg,[英] 肯·福莱特 / 陈杰 / 江苏凤凰文艺出版社 / 2017-3-1 / 132.00（全三册）,[英] 肯·福莱特 , 陈杰 , 江苏凤凰文艺出版社 , 132.00（全三册）,oAfPr0DGqh9DzQepM6uogzk4TaV4,20
稻草人手记,8.9,https://img1.doubanio.com/view/subject/s/public/s3667048.jpg,三毛 / 北京十月文艺出版社 / 2009-3 / 18.00元,三毛 ,none, 北京十月文艺出版社 , 18.00元,oAfPr0DGqh9DzQepM6uogzk4TaV4,20
挪威的森林,8.5,https://img1.doubanio.com/view/subject/s/public/s27312538.jpg,[日] 村上春树 / 林少华 / 上海译文出版社 / 2007-7 / 23.00元,[日] 村上春树 , 林少华 , 上海译文出版社 , 23.00元,oAfPr0DGqh9DzQepM6uogzk4TaV4,20
论语,9.1,https://img9.doubanio.com/view/subject/s/public/s5804746.jpg,中华书局 / 2006-12 / 9.80元,中华书局 ,none,中华书局 , 9.80元,oAfPr0DGqh9DzQepM6uogzk4TaV4,20
香水,8.5,https://img1.doubanio.com/view/subject/s/public/s1556748.jpg,[德] 帕·聚斯金德 / 李清华 / 上海译文出版社 / 2005-5 / 20.00元,[德] 帕·聚斯金德 , 李清华 , 上海译文出版社 , 20.00元,oAfPr0DGqh9DzQepM6uogzk4TaV4,20
佐贺的超级阿嬷,8.7,https://img3.doubanio.com/view/subject/s/public/s3922462.jpg,[日] 岛田洋七 / 陈宝莲 / 南海出版公司 / 2007-3 / 20.00元,[日] 岛田洋七 , 陈宝莲 , 南海出版公司 , 20.00元,oAfPr0DGqh9DzQepM6uogzk4TaV4,20
多情剑客无情剑(上、中、下),8.7,https://img1.doubanio.com/view/subject/s/public/s1641357.jpg,古龙 / 海天出版社 / 1991-12-01 / 49.8,古龙 ,none, 海天出版社 ,49.8,oAfPr0DGqh9DzQepM6uogzk4TaV4,20
故事新编,9.2,https://img3.doubanio.com/view/subject/s/public/s29834872.jpg,鲁迅 / 人民文学出版社 / 1973-12-01 / 0.31 元,鲁迅 ,none, 人民文学出版社 , 0.31 元,oAfPr0DGqh9DzQepM6uogzk4TaV4,20
告白,8.5,https://img3.doubanio.com/view/subject/s/public/s4425090.jpg,[日]凑佳苗 / 丁世佳 / 哈尔滨出版社 / 2010年6月 / 26.00元,[日]凑佳苗 , 丁世佳 , 哈尔滨出版社 , 26.00元,oAfPr0DGqh9DzQepM6uogzk4TaV4,20
步履不停,8.7,https://img3.doubanio.com/view/subject/s/public/s29425921.jpg,[日] 是枝裕和 / 郑有杰 / 北京联合出版公司 / 2017-5 / 36.80元,[日] 是枝裕和 , 郑有杰 , 北京联合出版公司 , 36.80元,oAfPr0DGqh9DzQepM6uogzk4TaV4,20
当呼吸化为空气,8.8,https://img3.doubanio.com/view/subject/s/public/s29423902.jpg,[美] 保罗·卡拉尼什 / 何雨珈 / 猫头鹰文化·浙江文艺出版社 / 2016-12 / 48.00元,[美] 保罗·卡拉尼什 , 何雨珈 , 猫头鹰文化·浙江文艺出版社 , 48.00元,oAfPr0DGqh9DzQepM6uogzk4TaV4,20
牡丹亭,9,https://img9.doubanio.com/view/subject/s/public/s1075414.jpg,汤显祖 / 人民文学出版社 / 1963-4-1 / 14.50元,汤显祖 ,none, 人民文学出版社 , 14.50元,oAfPr0DGqh9DzQepM6uogzk4TaV4,20
社会契约论,8.8,https://img3.doubanio.com/view/subject/s/public/s3470220.jpg,卢梭 / 何兆武 / 商务印书馆 / 2003-2-1 / 18.00元,卢梭 , 何兆武 , 商务印书馆 , 18.00元,oAfPr0DGqh9DzQepM6uogzk4TaV4,20
二手时间,8.8,https://img9.doubanio.com/view/subject/s/public/s28397415.jpg,[白俄] S. A. 阿列克谢耶维奇 / 吕宁思 / 中信出版集团 / 2016-1 / 55.00元,[白俄] S. A. 阿列克谢耶维奇 , 吕宁思 , 中信出版集团 , 55.00元,oAfPr0DGqh9DzQepM6uogzk4TaV4,20
荒原狼,9,https://img1.doubanio.com/view/subject/s/public/s3286369.jpg,[德]赫尔曼·黑塞 / 赵登荣 / 上海译文出版社 / 2008-7 / 13.00,[德]赫尔曼·黑塞 , 赵登荣 , 上海译文出版社 ,13,oAfPr0DGqh9DzQepM6uogzk4TaV4,20
通往奴役之路,8.8,https://img9.doubanio.com/view/subject/s/public/s8879166.jpg,弗里德利希・冯・哈耶克 / 王明毅 / 中国社会科学出版社 / 1997-08-01 / 16.00,弗里德利希・冯・哈耶克 , 王明毅 , 中国社会科学出版社 ,16,oAfPr0DGqh9DzQepM6uogzk4TaV4,20
人类的群星闪耀时,8.7,https://img9.doubanio.com/view/subject/s/public/s1134166.jpg,[奥] 斯蒂芬·茨威格 / 舒昌善 / 广西师范大学出版社 / 2004-8 / 18.00元,[奥] 斯蒂芬·茨威格 , 舒昌善 , 广西师范大学出版社 , 18.00元,oAfPr0DGqh9DzQepM6uogzk4TaV4,20
哈姆莱特,8.6,https://img1.doubanio.com/view/subject/s/public/s27009357.jpg,[英] 莎士比亚 / 朱生豪 / 人民文学出版社 / 2001-1 / 7.00元,[英] 莎士比亚 , 朱生豪 , 人民文学出版社 , 7.00元,oAfPr0DGqh9DzQepM6uogzk4TaV4,20
别闹了，费曼先生,8.9,https://img9.doubanio.com/view/subject/s/public/s1027286.jpg,费曼 / 吴程远 / 生活·读书·新知三联书店 / 1997-12 / 22.00,费曼 , 吴程远 , 生活·读书·新知三联书店 ,22,oAfPr0DGqh9DzQepM6uogzk4TaV4,20
美丽新世界,8.7,https://img1.doubanio.com/view/subject/s/public/s1344337.jpg,[英] 阿道司·赫胥黎 / 王波 / 重庆出版社 / 2005-6 / 20.00元,[英] 阿道司·赫胥黎 , 王波 , 重庆出版社 , 20.00元,oAfPr0DGqh9DzQepM6uogzk4TaV4,20
欢乐英雄,8.8,https://img1.doubanio.com/view/subject/s/public/s2508587.jpg,古龙 / 珠海出版社 / 2005-8 / 28.00元,古龙 ,none, 珠海出版社 , 28.00元,oAfPr0DGqh9DzQepM6uogzk4TaV4,20
老人与海,8.4,https://img3.doubanio.com/view/subject/s/public/s1050021.jpg,海明威 / 吴劳 / 上海译文出版社 / 1999-10 / 8.20元,海明威 , 吴劳 , 上海译文出版社 , 8.20元,oAfPr0DGqh9DzQepM6uogzk4TaV4,20
金阁寺,8.7,https://img3.doubanio.com/view/subject/s/public/s3511590.jpg,[日] 三岛由纪夫 / 唐月梅 / 上海译文出版社 / 2009-1 / 24.00,[日] 三岛由纪夫 , 唐月梅 , 上海译文出版社 ,24,oAfPr0DGqh9DzQepM6uogzk4TaV4,20
一个人的村庄,8.9,https://img9.doubanio.com/view/subject/s/public/s9018034.jpg,刘亮程 / 春风文艺出版社 / 2006-1-1 / 28.00元,刘亮程 ,none, 春风文艺出版社 , 28.00元,oAfPr0DGqh9DzQepM6uogzk4TaV4,20
美国宪政历程,9.1,https://img3.doubanio.com/view/subject/s/public/s24503563.jpg,任东来 / 中国法制出版社 / 2014-1 / 35.00元,任东来 ,none, 中国法制出版社 , 35.00元,oAfPr0DGqh9DzQepM6uogzk4TaV4,20
海底两万里,8.5,https://img9.doubanio.com/view/subject/s/public/s1817666.jpg,[法国] 儒尔·凡尔纳 / 沈国华 / 译林出版社 / 2002-9 / 19.50元,[法国] 儒尔·凡尔纳 , 沈国华 , 译林出版社 , 19.50元,oAfPr0DGqh9DzQepM6uogzk4TaV4,20
棋王·树王·孩子王,9.2,https://img3.doubanio.com/view/subject/s/public/s28688273.jpg,阿城 / 江苏文艺出版社 / 2016-3-1 / 58.00,阿城 ,none, 江苏文艺出版社 ,58,oAfPr0DGqh9DzQepM6uogzk4TaV4,20
长袜子皮皮,9,https://img1.doubanio.com/view/subject/s/public/s1290828.jpg,[瑞典] 阿斯特丽德·林格伦 / 李之义 / 中国少年儿童出版社 / 1999-3 / 17.80元,[瑞典] 阿斯特丽德·林格伦 , 李之义 , 中国少年儿童出版社 , 17.80元,oAfPr0DGqh9DzQepM6uogzk4TaV4,20
批评官员的尺度,8.9,https://img1.doubanio.com/view/subject/s/public/s6643899.jpg,[美] 安东尼·刘易斯 / 何帆 / 北京大学出版社 / 2011-7 / 32.00元,[美] 安东尼·刘易斯 , 何帆 , 北京大学出版社 , 32.00元,oAfPr0DGqh9DzQepM6uogzk4TaV4,20
规训与惩罚,9.2,https://img1.doubanio.com/view/subject/s/public/s2522397.jpg,[法] 米歇尔·福柯 / 刘北成 / 生活·读书·新知三联书店 / 2003-1 / 21.80元,[法] 米歇尔·福柯 , 刘北成 , 生活·读书·新知三联书店 , 21.80元,oAfPr0DGqh9DzQepM6uogzk4TaV4,20
骆驼祥子,8.4,https://img3.doubanio.com/view/subject/s/public/s1146040.jpg,老舍 / 人民文学出版社 / 2000-3-1 / 12.00,老舍 ,none, 人民文学出版社 ,12,oAfPr0DGqh9DzQepM6uogzk4TaV4,20
西方哲学史（上卷）,8.9,https://img1.doubanio.com/view/subject/s/public/s1562997.jpg,[英] 罗素 / 何兆武 / 商务印书馆 / 1963-9 / 25.00,[英] 罗素 , 何兆武 , 商务印书馆 ,25,oAfPr0DGqh9DzQepM6uogzk4TaV4,20
尘埃落定,8.5,https://img3.doubanio.com/view/subject/s/public/s9140762.jpg,阿来 / 人民文学出版社 / 1998-3-1 / 22.0,阿来 ,none, 人民文学出版社 ,22,oAfPr0DGqh9DzQepM6uogzk4TaV4,20
2001太空漫游,9.1,https://img3.doubanio.com/view/subject/s/public/s2798862.jpg,[英] 阿瑟·克拉克 / 郝明义 / 上海人民出版社 / 2007-11 / 28.00元,[英] 阿瑟·克拉克 , 郝明义 , 上海人民出版社 , 28.00元,oAfPr0DGqh9DzQepM6uogzk4TaV4,20
娱乐至死,8.5,https://img9.doubanio.com/view/subject/s/public/s6776106.jpg,[美] 尼尔·波兹曼 / 章艳 / 广西师范大学出版社 / 2011-6 / 29.80元,[美] 尼尔·波兹曼 , 章艳 , 广西师范大学出版社 , 29.80元,oAfPr0DGqh9DzQepM6uogzk4TaV4,20
过于喧嚣的孤独,8.8,https://img1.doubanio.com/view/subject/s/public/s24422879.jpg,(捷克) 赫拉巴尔 / 杨乐云 / 北京十月文艺出版社 / 2011-10 / 22.00元,(捷克) 赫拉巴尔 , 杨乐云 , 北京十月文艺出版社 , 22.00元,oAfPr0DGqh9DzQepM6uogzk4TaV4,20
了不起的盖茨比,8.7,https://img9.doubanio.com/view/subject/s/public/s9110246.jpg,[美] 斯科特·菲茨杰拉德 / 邓若虚 / 南海出版公司 / 2012-5 / 25.00元,[美] 斯科特·菲茨杰拉德 , 邓若虚 , 南海出版公司 , 25.00元,oAfPr0DGqh9DzQepM6uogzk4TaV4,20
那些回不去的年少时光·终场,8.7,https://img9.doubanio.com/view/subject/s/public/s4296814.jpg,桐华 / 江苏文艺出版社 / 2010-04 / 23.80元,桐华 ,none, 江苏文艺出版社 , 23.80元,oAfPr0DGqh9DzQepM6uogzk4TaV4,20
社会性动物,9.1,https://img3.doubanio.com/view/subject/s/public/s2783843.jpg,Elliot Aronson / 邢占军 / 华东师范大学出版社 / 2007-12 / 45.00元,Elliot Aronson , 邢占军 , 华东师范大学出版社 , 45.00元,oAfPr0DGqh9DzQepM6uogzk4TaV4,20
心理学与生活,8.8,https://img3.doubanio.com/view/subject/s/public/s1068520.jpg,[美] 理查德·格里格 / 王垒 / 人民邮电出版社 / 2003-10 / 88.00元,[美] 理查德·格里格 , 王垒 , 人民邮电出版社 , 88.00元,oAfPr0DGqh9DzQepM6uogzk4TaV4,20
纽约客,8.7,https://img3.doubanio.com/view/subject/s/public/s4526473.jpg,白先勇 / 广西师范大学出版社 / 2010-10 / 32.00元,白先勇 ,none, 广西师范大学出版社 , 32.00元,oAfPr0DGqh9DzQepM6uogzk4TaV4,20
小姨多鹤,8.6,https://img1.doubanio.com/view/subject/s/public/s4045138.jpg,严歌苓 / 作家出版社 / 2008-4 / 28.00元,严歌苓 ,none, 作家出版社 , 28.00元,oAfPr0DGqh9DzQepM6uogzk4TaV4,20
呼啸山庄,8.4,https://img3.doubanio.com/view/subject/s/public/s1095383.jpg,（英）勃朗特 / 张扬 / 人民文学出版社 / 1999-01-01 / 27.30元,（英）勃朗特 , 张扬 , 人民文学出版社 , 27.30元,oAfPr0DGqh9DzQepM6uogzk4TaV4,20
不存在的骑士,8.9,https://img3.doubanio.com/view/subject/s/public/s8972083.jpg,[意] 伊塔洛·卡尔维诺 / 吴正仪 / 译林出版社 / 2012-4 / 22.00元,[意] 伊塔洛·卡尔维诺 , 吴正仪 , 译林出版社 , 22.00元,oAfPr0DGqh9DzQepM6uogzk4TaV4,20
